id,tweet_text
1001,@AppleSupport My iPhone overheats significantly when charging and using Maps #17
1002,@AppleSupport Is the iPhone 15 compatible with iOS 15?
1003,@AppleSupport The Control Centre needs a major redesign. Too cluttered #15
1004,@AppleSupport Please bring back the headphone jack! Missing it so much #14
1005,@AppleSupport My iPhone battery drains from 100% to 0% in 3 hours since iOS update #14
1006,@AppleSupport Messages not delivering on my iPhone. Shows sent but never received #17
1007,@AppleSupport Safari crashes immediately on my Mac when visiting most websites #15
1008,@AppleSupport My screen is unresponsive after the recent update. Had to hard reset #16
1009,@AppleSupport I wish the iPhone had a USB-C port. Why stick with Lightning? #14
1010,@AppleSupport AirDrop speed is incredible. Transferred 4GB in seconds #14
1011,@AppleSupport Verification code not coming through even after 3 attempts #15
1012,@AppleSupport Is Apple Care+ worth it for iPhone 15? #15
1013,@AppleSupport Accidental in-app purchase made by my kid. Can you help with a refund? #17
1014,@AppleSupport Wish Siri was smarter at context. Loses track after 2 questions #17
1015,@AppleSupport App Store shows error 'Cannot connect to App Store' on my iPad #17
1016,@AppleSupport Identity theft via Apple ID. Someone opened credit cards in my name
1017,@AppleSupport iOS 15 update broke my WiFi. I can't connect to any network now.
1018,@AppleSupport Can I get a job at Apple? #17
1019,@AppleSupport App Store shows error 'Cannot connect to App Store' on my iPad #16
1020,@AppleSupport Apple One subscription charged me but I can't access Apple TV+ #16
1021,@AppleSupport The new Dynamic Island is so cool! Great design choice #16
1022,@AppleSupport Can't sign in on my new iPhone. Keep getting 'Apple ID verification failed' #17
1023,@AppleSupport My Apple ID password reset email never arrived. What should I do?
1024,@AppleSupport Face ID not working in cold weather. Is this a known bug? #14
1025,@AppleSupport Face ID not working in cold weather. Is this a known bug? #17
1026,@AppleSupport App Store shows error 'Cannot connect to App Store' on my iPad #15
1027,@AppleSupport Love the new iOS update! Dark mode looks incredible 🖤 #17
1028,@AppleSupport Does the new iPad Pro support the Apple Pencil 2nd gen? #16
1029,@AppleSupport My screen is unresponsive after the recent update. Had to hard reset #15
1030,@AppleSupport iOS 14 update broke my WiFi. I can't connect to any network now.
1031,@AppleSupport Your hold music is actually pretty good lol #14
1032,@AppleSupport My MacBook Pro won't start after the latest macOS update #17
1033,@AppleSupport I'm locked out of my account. I've tried everything and nothing works!
1034,@AppleSupport Siri stopped working after I updated to the latest iOS. Doesn't respond #16
1035,@AppleSupport Notification grouping is still messy. Needs work Apple #17
1036,@AppleSupport Can't sign in on my new iPhone. Keep getting 'Apple ID verification failed' #17
1037,@AppleSupport Battery life on M2 MacBook Air is unreal. Full day easily #15
1038,@AppleSupport I was double-billed for iCloud+ storage this month #17
1039,@AppleSupport My screen is unresponsive after the recent update. Had to hard reset #14
1040,@AppleSupport I forgot my Apple ID email address and can't recover my account #16
1041,@AppleSupport When will the next macOS update be released? #15
1042,@AppleSupport App purchase failed but my card was charged. No receipt received #14
1043,@AppleSupport Please add calculator to iPad. Can't believe it's still missing #17
1044,@AppleSupport My account shows 'suspicious activity' but I haven't done anything #16
1045,@AppleSupport Wish Siri was smarter at context. Loses track after 2 questions #15
1046,@AppleSupport My Apple ID is linked to an old email I no longer have access to #17
1047,@AppleSupport Apple One subscription charged me but I can't access Apple TV+ #17
1048,@AppleSupport Does Tim Cook read these tweets? #14
1049,@AppleSupport iCloud sync stopped working — my photos aren't backing up #14
1050,@AppleSupport My iPhone speaker has distortion at high volumes after iOS update #14
1051,@AppleSupport AirDrop speed is incredible. Transferred 4GB in seconds #16
1052,@AppleSupport Does Apple offer student discounts on MacBooks? #14
1053,@AppleSupport Two-factor authentication is not sending a code to my phone #16
1054,@AppleSupport I can't log into my Apple ID! It says my account is locked. Please help!
1055,@AppleSupport Messages not delivering on my iPhone. Shows sent but never received #15
1056,@AppleSupport Accidental in-app purchase made by my kid. Can you help with a refund? #17
1057,@AppleSupport The new Dynamic Island is so cool! Great design choice #16
1058,@AppleSupport Two-factor authentication is not sending a code to my phone #15
1059,@AppleSupport Messages not delivering on my iPhone. Shows sent but never received #14
1060,@AppleSupport Just wanted to say thank you for the quick help yesterday! #16
1061,@AppleSupport Apple Pencil latency is imperceptible now. Artists will love this #15
1062,@AppleSupport Battery life on M2 MacBook Air is unreal. Full day easily #16
1063,@AppleSupport Absolutely love how fast Face ID is on iPhone 16 🔥 #16
1064,@AppleSupport Find My network shows my Mac as offline even though it's on #14
1065,@AppleSupport How do I merge two Apple ID accounts? I accidentally created two #16
1066,@AppleSupport Is the M2 chip compatible with Rosetta 2 apps? #16
1067,@AppleSupport Please bring back the headphone jack! Missing it so much #16
1068,@AppleSupport My screen is unresponsive after the recent update. Had to hard reset #17
1069,@AppleSupport I see an Apple charge on my credit card that I don't recognize #15
1070,@AppleSupport My Apple Watch won't pair with my new iPhone 17
1071,@AppleSupport My iPhone battery drains from 100% to 0% in 3 hours since iOS update #14
1072,@AppleSupport My subscription was renewed even after I cancelled it last month #17
1073,@AppleSupport My iPhone 14 keeps crashing every time I open the camera!
1074,@AppleSupport Bluetooth keeps disconnecting on my AirPods Pro every 5 minutes #14
1075,@AppleSupport My account was permanently locked and I'm locked out of my business data. CRITICAL
1076,@AppleSupport My iPhone speaker has distortion at high volumes after iOS update #17
1077,@AppleSupport I changed my phone number and now can't receive 2FA codes #15
1078,@AppleSupport My iPhone speaker has distortion at high volumes after iOS update #15
1079,@AppleSupport My AirTag shows 'Not Reachable' even though it's right next to me #16
1080,@AppleSupport My MacBook Pro won't start after the latest macOS update #14
1081,@AppleSupport Home button feels sticky and sometimes doesn't respond #14
1082,@AppleSupport Safari crashes immediately on my Mac when visiting most websites #17
1083,@AppleSupport Find My network shows my Mac as offline even though it's on #17
1084,@AppleSupport Hi Apple! Can you sponsor my YouTube channel? #14
1085,@AppleSupport Family sharing isn't working but each member is being charged separately #14
1086,@AppleSupport How long does an account recovery request take? Been 3 days #14
1087,@AppleSupport Does the new iPad Pro support the Apple Pencil 2nd gen? #17
1088,@AppleSupport My iPhone 17 keeps crashing every time I open the camera!
1089,@AppleSupport I see an Apple charge on my credit card that I don't recognize #15
1090,@AppleSupport Family sharing isn't working but each member is being charged separately #17
1091,@AppleSupport Apple One subscription charged me but I can't access Apple TV+ #15
1092,@AppleSupport My MacBook Pro won't start after the latest macOS update #15
1093,@AppleSupport Siri stopped working after I updated to the latest iOS. Doesn't respond #17
1094,@AppleSupport Notification grouping is still messy. Needs work Apple #15
1095,@AppleSupport Two-factor authentication is not sending a code to my phone #16
1096,@AppleSupport Your hold music is actually pretty good lol #16
1097,@AppleSupport Can't sign in on my new iPhone. Keep getting 'Apple ID verification failed' #14
1098,@AppleSupport Can't sign in on my new iPhone. Keep getting 'Apple ID verification failed' #14
1099,@AppleSupport My AirTag shows 'Not Reachable' even though it's right next to me #14
1100,@AppleSupport Is the iPhone 15 compatible with iOS 15?
1101,@AppleSupport Please bring back the headphone jack! Missing it so much #16
1102,@AppleSupport Can't sign in on my new iPhone. Keep getting 'Apple ID verification failed' #15
1103,@AppleSupport Does Tim Cook read these tweets? #15
1104,@AppleSupport Verification code not coming through even after 3 attempts #14
1105,@AppleSupport I cannot access my account and my medical emergency contacts are all stored there!
1106,@AppleSupport My iPhone speaker has distortion at high volumes after iOS update #17
1107,@AppleSupport Podcasts app keeps crashing mid-episode. Tried reinstalling #16
1108,@AppleSupport Does the new iPad Pro support the Apple Pencil 2nd gen? #16
1109,@AppleSupport My account shows 'suspicious activity' but I haven't done anything #15
1110,@AppleSupport My iPhone speaker has distortion at high volumes after iOS update #15
1111,@AppleSupport Family sharing isn't working but each member is being charged separately #17
1112,@AppleSupport Siri stopped working after I updated to the latest iOS. Doesn't respond #15
1113,@AppleSupport My Apple ID password reset email never arrived. What should I do?
1114,@AppleSupport Find My network shows my Mac as offline even though it's on #17
1115,@AppleSupport Can I use Apple Pay in stores internationally? #15
1116,@AppleSupport My MacBook Pro won't start after the latest macOS update #15
1117,@AppleSupport iOS 14 update broke my WiFi. I can't connect to any network now.
1118,@AppleSupport My Apple ID is linked to an old email I no longer have access to #15
1119,@AppleSupport My iPhone battery drains from 100% to 0% in 3 hours since iOS update #17
1120,@AppleSupport Please bring back the headphone jack! Missing it so much #15
1121,@AppleSupport Verification code not coming through even after 3 attempts #15
1122,@AppleSupport I received a refund email but it hasn't appeared in my bank account #15
1123,@AppleSupport Bluetooth keeps disconnecting on my AirPods Pro every 5 minutes #14
1124,@AppleSupport Touch ID stopped recognizing my fingerprint out of nowhere #14
1125,@AppleSupport My AirTag shows 'Not Reachable' even though it's right next to me #14
1126,@AppleSupport My iPhone overheats significantly when charging and using Maps #14
1127,@AppleSupport What charities does Apple support? #15
1128,@AppleSupport Accidental in-app purchase made by my kid. Can you help with a refund? #14
1129,@AppleSupport iCloud storage downgraded automatically but still charged full price #17
1130,@AppleSupport Night Mode camera is absolutely stunning. Best phone camera ever #14
1131,@AppleSupport I received a refund email but it hasn't appeared in my bank account #16
1132,@AppleSupport Two-factor authentication is not sending a code to my phone #16
1133,@AppleSupport Love the new iOS update! Dark mode looks incredible 🖤 #16
1134,@AppleSupport My iPhone overheats significantly when charging and using Maps #14
1135,@AppleSupport Is the iPhone 16 compatible with iOS 16?
1136,@AppleSupport Siri stopped working after I updated to the latest iOS. Doesn't respond #16
1137,@AppleSupport iOS 15 update broke my WiFi. I can't connect to any network now.
1138,@AppleSupport Podcasts app keeps crashing mid-episode. Tried reinstalling #14
1139,@AppleSupport Is the iPhone 14 compatible with iOS 14?
1140,@AppleSupport My iPhone battery drains from 100% to 0% in 3 hours since iOS update #16
1141,@AppleSupport App Store shows error 'Cannot connect to App Store' on my iPad #16
1142,@AppleSupport I was charged twice for the same app purchase! Need a refund #15
1143,@AppleSupport Is the Apple Store on 5th Ave open on Christmas? #16
1144,@AppleSupport App Store shows error 'Cannot connect to App Store' on my iPad #17
1145,@AppleSupport Siri stopped working after I updated to the latest iOS. Doesn't respond #16
1146,@AppleSupport I can't log into my Apple ID! It says my account is locked. Please help!
1147,@AppleSupport My subscription was renewed even after I cancelled it last month #14
1148,"@AppleSupport Sign-in loop: enters password, goes back to login screen #16"
1149,@AppleSupport I received a refund email but it hasn't appeared in my bank account #15
1150,@AppleSupport My Apple Pay transaction failed but money left my account #15
1151,@AppleSupport Does Apple offer student discounts on MacBooks? #17
1152,@AppleSupport I was double-billed for iCloud+ storage this month #14
1153,@AppleSupport Messages not delivering on my iPhone. Shows sent but never received #15
1154,@AppleSupport iCloud sync stopped working — my photos aren't backing up #14
1155,@AppleSupport Is the iPhone 17 waterproof? What rating?
1156,@AppleSupport Podcasts app keeps crashing mid-episode. Tried reinstalling #15
1157,@AppleSupport Just wanted to say thank you for the quick help yesterday! #17
1158,@AppleSupport Password keeps getting rejected even though I know it's correct #17
1159,@AppleSupport I'm locked out of my account. I've tried everything and nothing works!
1160,@AppleSupport My Apple ID was hacked and I cannot regain access. I'm reporting this to the police
1161,@AppleSupport Password keeps getting rejected even though I know it's correct #16
1162,@AppleSupport iCloud sync stopped working — my photos aren't backing up #15
1163,@AppleSupport Purchased wrong app — can I get a refund within 24 hours? #17
1164,@AppleSupport My iPhone overheats significantly when charging and using Maps #15
1165,@AppleSupport My Apple ID is linked to an old email I no longer have access to #17
1166,@AppleSupport My Apple Watch won't pair with my new iPhone 15
1167,@AppleSupport My Apple ID is linked to an old email I no longer have access to #17
1168,@AppleSupport Bluetooth keeps disconnecting on my AirPods Pro every 5 minutes #15
1169,@AppleSupport My account was disabled without warning. I never violated any terms! #14
1170,@AppleSupport Touch ID stopped recognizing my fingerprint out of nowhere #17
1171,@AppleSupport Does Apple Watch Series 8 work without an iPhone nearby? #17
1172,@AppleSupport URGENT: Someone has full access to my email and Apple account. Emergency!
1173,@AppleSupport Verification code not coming through even after 3 attempts #16
1174,@AppleSupport Bought an app that doesn't work as described. How do I get a refund? #14
1175,@AppleSupport Safari crashes immediately on my Mac when visiting most websites #14
1176,@AppleSupport iCloud sync stopped working — my photos aren't backing up #17
1177,@AppleSupport Night Mode camera is absolutely stunning. Best phone camera ever #16
1178,@AppleSupport My MacBook Pro won't start after the latest macOS update #16
1179,@AppleSupport Podcasts app keeps crashing mid-episode. Tried reinstalling #15
1180,@AppleSupport How long does an account recovery request take? Been 3 days #16
1181,@AppleSupport Does Apple Watch Series 8 work without an iPhone nearby? #14
1182,@AppleSupport My account was disabled without warning. I never violated any terms! #14
1183,@AppleSupport Safari crashes immediately on my Mac when visiting most websites #15
1184,@AppleSupport Home button feels sticky and sometimes doesn't respond #17
1185,@AppleSupport Bought an app that doesn't work as described. How do I get a refund? #16
1186,@AppleSupport I can't log into my Apple ID! It says my account is locked. Please help!
1187,@AppleSupport Can I use Apple Pay in stores internationally? #14
1188,@AppleSupport My iPhone speaker has distortion at high volumes after iOS update #16
1189,@AppleSupport Two-factor authentication is not sending a code to my phone #16
1190,@AppleSupport Notification grouping is still messy. Needs work Apple #16
1191,@AppleSupport Touch ID stopped recognizing my fingerprint out of nowhere #16
1192,@AppleSupport I'm locked out of my account. I've tried everything and nothing works!
1193,@AppleSupport How many devices can share one Apple Music family plan? #15
1194,@AppleSupport How many devices can share one Apple Music family plan? #14
1195,@AppleSupport My AirTag shows 'Not Reachable' even though it's right next to me #15
1196,@AppleSupport I changed my phone number and now can't receive 2FA codes #17
1197,@AppleSupport Can I get a job at Apple? #16
1198,@AppleSupport Can't sign in on my new iPhone. Keep getting 'Apple ID verification failed' #15
1199,@AppleSupport URGENT: Someone has full access to my email and Apple account. Emergency!
1200,@AppleSupport I changed my phone number and now can't receive 2FA codes #16
1201,@AppleSupport AirDrop speed is incredible. Transferred 4GB in seconds #15
1202,@AppleSupport Two-factor authentication is not sending a code to my phone #15
1203,@AppleSupport Can I use my AirPods with a non-Apple device? #16
1204,@AppleSupport Home button feels sticky and sometimes doesn't respond #15
1205,@AppleSupport Can't sign in on my new iPhone. Keep getting 'Apple ID verification failed' #16
1206,@AppleSupport Find My network shows my Mac as offline even though it's on #17
1207,@AppleSupport My Apple ID is linked to an old email I no longer have access to #16
1208,@AppleSupport The Control Centre needs a major redesign. Too cluttered #15
1209,@AppleSupport App purchase failed but my card was charged. No receipt received #15
1210,@AppleSupport My iPhone 15 keeps crashing every time I open the camera!
1211,@AppleSupport Two-factor authentication is not sending a code to my phone #14
1212,@AppleSupport Bought an app that doesn't work as described. How do I get a refund? #15
1213,@AppleSupport My Apple Watch won't pair with my new iPhone 17
1214,@AppleSupport Bluetooth keeps disconnecting on my AirPods Pro every 5 minutes #15
1215,@AppleSupport Does Apple offer student discounts on MacBooks? #17
1216,@AppleSupport App Store shows error 'Cannot connect to App Store' on my iPad #14
1217,@AppleSupport My Apple ID was hacked and I cannot regain access. I'm reporting this to the police
1218,@AppleSupport I see an Apple charge on my credit card that I don't recognize #14
1219,@AppleSupport How do I transfer data from my Android to my new iPhone 16?
1220,@AppleSupport My iPhone battery drains from 100% to 0% in 3 hours since iOS update #15
1221,@AppleSupport I wish the iPhone had a USB-C port. Why stick with Lightning? #17
1222,@AppleSupport Find My network shows my Mac as offline even though it's on #15
1223,@AppleSupport Hi Apple! Can you sponsor my YouTube channel? #17
1224,@AppleSupport I'm locked out of my account. I've tried everything and nothing works!
1225,@AppleSupport My iPhone overheats significantly when charging and using Maps #17
1226,@AppleSupport I cancelled Apple Music 2 weeks ago but still getting charged #17
1227,@AppleSupport My iPhone 14 keeps crashing every time I open the camera!
1228,@AppleSupport How do I merge two Apple ID accounts? I accidentally created two #14
1229,@AppleSupport How do I enable Screen Time for my child's device? #17
1230,@AppleSupport I see an Apple charge on my credit card that I don't recognize #15
1231,@AppleSupport Password keeps getting rejected even though I know it's correct #16
1232,@AppleSupport App purchase failed but my card was charged. No receipt received #15
1233,@AppleSupport Two-factor authentication is not sending a code to my phone #17
1234,@AppleSupport iTunes gift card balance disappeared from my account #16
1235,@AppleSupport Password keeps getting rejected even though I know it's correct #15
1236,@AppleSupport The new Dynamic Island is so cool! Great design choice #16
1237,@AppleSupport Just wanted to say thank you for the quick help yesterday! #17
1238,@AppleSupport Home button feels sticky and sometimes doesn't respond #16
1239,@AppleSupport My account was disabled without warning. I never violated any terms! #16
1240,@AppleSupport I forgot my Apple ID email address and can't recover my account #14
1241,@AppleSupport I was double-billed for iCloud+ storage this month #17
1242,@AppleSupport I was double-billed for iCloud+ storage this month #16
1243,@AppleSupport Would love multi-window support on iPhone like iPad has #15
1244,@AppleSupport My iPhone battery drains from 100% to 0% in 3 hours since iOS update #17
1245,@AppleSupport How do I merge two Apple ID accounts? I accidentally created two #16
1246,@AppleSupport I see an Apple charge on my credit card that I don't recognize #17
1247,@AppleSupport Notification grouping is still messy. Needs work Apple #15
1248,@AppleSupport My subscription was renewed even after I cancelled it last month #16
1249,@AppleSupport iOS 14 update broke my WiFi. I can't connect to any network now.
1250,@AppleSupport Can I use my AirPods with a non-Apple device? #15
1251,@AppleSupport Siri stopped working after I updated to the latest iOS. Doesn't respond #15
1252,@AppleSupport Verification code not coming through even after 3 attempts #16
1253,@AppleSupport Is the iPhone 15 compatible with iOS 15?
1254,@AppleSupport Bluetooth keeps disconnecting on my AirPods Pro every 5 minutes #14
1255,@AppleSupport Stage Manager on iPad is confusing. Really needs a tutorial #14
1256,@AppleSupport My screen is unresponsive after the recent update. Had to hard reset #16
1257,"@AppleSupport Sign-in loop: enters password, goes back to login screen #16"
1258,@AppleSupport Is the M2 chip compatible with Rosetta 2 apps? #14
1259,@AppleSupport My MacBook Pro won't start after the latest macOS update #15
1260,@AppleSupport Does Apple Watch Series 8 work without an iPhone nearby? #14
1261,@AppleSupport iOS 15 update broke my WiFi. I can't connect to any network now.
1262,@AppleSupport I received a refund email but it hasn't appeared in my bank account #15
1263,@AppleSupport My Apple Watch won't pair with my new iPhone 14
1264,@AppleSupport Can't sign in on my new iPhone. Keep getting 'Apple ID verification failed' #15
1265,@AppleSupport I'm locked out of my account. I've tried everything and nothing works!
1266,@AppleSupport My account shows 'suspicious activity' but I haven't done anything #15
1267,@AppleSupport Wish Siri was smarter at context. Loses track after 2 questions #16
1268,@AppleSupport I can't log into my Apple ID! It says my account is locked. Please help!
1269,@AppleSupport I wish the iPhone had a USB-C port. Why stick with Lightning? #17
1270,@AppleSupport I see an Apple charge on my credit card that I don't recognize #17
1271,@AppleSupport My Apple Watch won't pair with my new iPhone 17
1272,@AppleSupport How do I merge two Apple ID accounts? I accidentally created two #16
1273,@AppleSupport My iPhone speaker has distortion at high volumes after iOS update #17
1274,@AppleSupport Bluetooth keeps disconnecting on my AirPods Pro every 5 minutes #16
1275,@AppleSupport Absolutely love how fast Face ID is on iPhone 17 🔥 #17
1276,@AppleSupport My account shows 'suspicious activity' but I haven't done anything #15
1277,@AppleSupport I cancelled Apple Music 2 weeks ago but still getting charged #15
1278,@AppleSupport I changed my phone number and now can't receive 2FA codes #15
1279,@AppleSupport I was charged twice for the same app purchase! Need a refund #16
1280,@AppleSupport My AirTag shows 'Not Reachable' even though it's right next to me #17
1281,@AppleSupport My subscription was renewed even after I cancelled it last month #17
1282,@AppleSupport iCloud sync stopped working — my photos aren't backing up #15
1283,@AppleSupport Shoutout to the genius bar staff at NYC 5th Ave #16
1284,@AppleSupport Find My network shows my Mac as offline even though it's on #17
1285,@AppleSupport iCloud sync stopped working — my photos aren't backing up #15
1286,@AppleSupport Would love multi-window support on iPhone like iPad has #16
1287,@AppleSupport My subscription was renewed even after I cancelled it last month #17
1288,@AppleSupport I forgot my Apple ID email address and can't recover my account #16
1289,@AppleSupport My account was disabled without warning. I never violated any terms! #16
1290,@AppleSupport My Apple ID is linked to an old email I no longer have access to #17
1291,@AppleSupport How do I enable Screen Time for my child's device? #16
1292,@AppleSupport My iPhone overheats significantly when charging and using Maps #16
1293,@AppleSupport How do I enable Screen Time for my child's device? #17
1294,@AppleSupport Can I use Apple Pay in stores internationally? #16
1295,@AppleSupport My iPhone overheats significantly when charging and using Maps #14
1296,@AppleSupport Bought an app that doesn't work as described. How do I get a refund? #17
1297,@AppleSupport How do I apply to be an Apple beta tester? #14
1298,@AppleSupport Just wanted to say thank you for the quick help yesterday! #15
1299,@AppleSupport Face ID not working in cold weather. Is this a known bug? #16
1300,@AppleSupport Home button feels sticky and sometimes doesn't respond #16
1301,@AppleSupport What countries support eSIM for iPhone 15?
1302,@AppleSupport My Apple ID password reset email never arrived. What should I do?
1303,@AppleSupport Face ID not working in cold weather. Is this a known bug? #15
1304,@AppleSupport I can't log into my Apple ID! It says my account is locked. Please help!
1305,@AppleSupport My iPhone overheats significantly when charging and using Maps #16
1306,@AppleSupport Battery life on M2 MacBook Air is unreal. Full day easily #16
1307,@AppleSupport Messages not delivering on my iPhone. Shows sent but never received #17
1308,@AppleSupport Verification code not coming through even after 3 attempts #17
1309,"@AppleSupport Sign-in loop: enters password, goes back to login screen #14"
1310,@AppleSupport Stage Manager on iPad is confusing. Really needs a tutorial #15
1311,@AppleSupport My screen is unresponsive after the recent update. Had to hard reset #15
1312,@AppleSupport I forgot my Apple ID email address and can't recover my account #14
1313,@AppleSupport Bluetooth keeps disconnecting on my AirPods Pro every 5 minutes #17
1314,@AppleSupport I'm locked out of my account. I've tried everything and nothing works!
1315,@AppleSupport When will the next macOS update be released? #14
1316,@AppleSupport Can I use Apple Pay in stores internationally? #16
1317,"@AppleSupport Sign-in loop: enters password, goes back to login screen #14"
1318,@AppleSupport My Apple ID is linked to an old email I no longer have access to #17
1319,@AppleSupport I'm locked out of my account. I've tried everything and nothing works!
1320,@AppleSupport How long does an account recovery request take? Been 3 days #16
1321,@AppleSupport Shoutout to the genius bar staff at NYC 5th Ave #15
1322,@AppleSupport Podcasts app keeps crashing mid-episode. Tried reinstalling #14
1323,@AppleSupport How do I apply to be an Apple beta tester? #14
1324,@AppleSupport App purchase failed but my card was charged. No receipt received #17
1325,@AppleSupport Is Apple Care+ worth it for iPhone 14? #14
1326,@AppleSupport Find My network shows my Mac as offline even though it's on #16
1327,@AppleSupport iCloud storage downgraded automatically but still charged full price #16
1328,@AppleSupport iTunes gift card balance disappeared from my account #15
1329,@AppleSupport Can't sign in on my new iPhone. Keep getting 'Apple ID verification failed' #16
1330,@AppleSupport My Apple Watch won't pair with my new iPhone 14
1331,@AppleSupport My iPhone battery drains from 100% to 0% in 3 hours since iOS update #15
1332,@AppleSupport What countries support eSIM for iPhone 17?
1333,@AppleSupport Wish Siri was smarter at context. Loses track after 2 questions #16
1334,@AppleSupport I see an Apple charge on my credit card that I don't recognize #15
1335,@AppleSupport Touch ID stopped recognizing my fingerprint out of nowhere #15
1336,@AppleSupport Can't sign in on my new iPhone. Keep getting 'Apple ID verification failed' #14
1337,@AppleSupport Password keeps getting rejected even though I know it's correct #16
1338,@AppleSupport My MacBook Pro won't start after the latest macOS update #16
1339,@AppleSupport iCloud storage downgraded automatically but still charged full price #14
1340,@AppleSupport Face ID not working in cold weather. Is this a known bug? #17
1341,@AppleSupport Touch ID stopped recognizing my fingerprint out of nowhere #15
1342,@AppleSupport My Apple ID password reset email never arrived. What should I do?
1343,@AppleSupport Night Mode camera is absolutely stunning. Best phone camera ever #17
1344,@AppleSupport Touch ID stopped recognizing my fingerprint out of nowhere #16
1345,@AppleSupport App Store shows error 'Cannot connect to App Store' on my iPad #14
1346,@AppleSupport How do I merge two Apple ID accounts? I accidentally created two #17
1347,@AppleSupport Safari crashes immediately on my Mac when visiting most websites #15
1348,@AppleSupport I received a refund email but it hasn't appeared in my bank account #17
1349,@AppleSupport Find My network shows my Mac as offline even though it's on #14
1350,@AppleSupport My iPhone 14 keeps crashing every time I open the camera!
1351,@AppleSupport Love the new iOS update! Dark mode looks incredible 🖤 #15
1352,@AppleSupport What's the maximum iCloud storage plan available? #15
1353,@AppleSupport iCloud sync stopped working — my photos aren't backing up #14
1354,@AppleSupport Can't sign in on my new iPhone. Keep getting 'Apple ID verification failed' #17
1355,@AppleSupport Messages not delivering on my iPhone. Shows sent but never received #14
1356,@AppleSupport Does the new iPad Pro support the Apple Pencil 2nd gen? #16
1357,@AppleSupport How long does an account recovery request take? Been 3 days #16
1358,@AppleSupport My Apple ID password reset email never arrived. What should I do?
1359,@AppleSupport I can't log into my Apple ID! It says my account is locked. Please help!
1360,@AppleSupport Would love multi-window support on iPhone like iPad has #15
1361,@AppleSupport Safari crashes immediately on my Mac when visiting most websites #17
1362,@AppleSupport Does Apple Watch Series 8 work without an iPhone nearby? #14
1363,@AppleSupport Face ID not working in cold weather. Is this a known bug? #14
1364,@AppleSupport My iPhone 17 keeps crashing every time I open the camera!
1365,@AppleSupport Verification code not coming through even after 3 attempts #15
1366,@AppleSupport You guys are amazing! Best tech support in the industry! #17
1367,@AppleSupport App Store shows error 'Cannot connect to App Store' on my iPad #17
1368,@AppleSupport Bought an app that doesn't work as described. How do I get a refund? #17
1369,@AppleSupport My account shows 'suspicious activity' but I haven't done anything #14
1370,@AppleSupport Siri stopped working after I updated to the latest iOS. Doesn't respond #15
1371,@AppleSupport Can't sign in on my new iPhone. Keep getting 'Apple ID verification failed' #14
1372,@AppleSupport I was charged twice for the same app purchase! Need a refund #17
1373,@AppleSupport Can I use my AirPods with a non-Apple device? #16
1374,@AppleSupport My iPhone 17 keeps crashing every time I open the camera!
1375,@AppleSupport Hi Apple! Can you sponsor my YouTube channel? #14
1376,@AppleSupport Battery life on M2 MacBook Air is unreal. Full day easily #16
1377,@AppleSupport My Apple Watch won't pair with my new iPhone 14
1378,@AppleSupport I'm locked out of my account. I've tried everything and nothing works!
1379,@AppleSupport Password keeps getting rejected even though I know it's correct #16
1380,@AppleSupport My Apple Watch won't pair with my new iPhone 14
1381,@AppleSupport The new Dynamic Island is so cool! Great design choice #16
1382,@AppleSupport My Apple Pay transaction failed but money left my account #16
1383,@AppleSupport I forgot my Apple ID email address and can't recover my account #16
1384,@AppleSupport My Apple Pay transaction failed but money left my account #17
1385,@AppleSupport iOS 14 update broke my WiFi. I can't connect to any network now.
1386,@AppleSupport My AirTag shows 'Not Reachable' even though it's right next to me #15
1387,@AppleSupport I forgot my Apple ID email address and can't recover my account #15
1388,@AppleSupport My iPhone speaker has distortion at high volumes after iOS update #15
1389,@AppleSupport iOS 17 update broke my WiFi. I can't connect to any network now.
1390,@AppleSupport My AirTag shows 'Not Reachable' even though it's right next to me #15
1391,@AppleSupport Would love multi-window support on iPhone like iPad has #14
1392,@AppleSupport My screen is unresponsive after the recent update. Had to hard reset #15
1393,@AppleSupport Stage Manager on iPad is confusing. Really needs a tutorial #16
1394,@AppleSupport Safari crashes immediately on my Mac when visiting most websites #16
1395,@AppleSupport My Apple ID is linked to an old email I no longer have access to #16
1396,@AppleSupport App purchase failed but my card was charged. No receipt received #16
1397,@AppleSupport How long does an account recovery request take? Been 3 days #14
1398,@AppleSupport My iPhone speaker has distortion at high volumes after iOS update #17
1399,@AppleSupport I can't log into my Apple ID! It says my account is locked. Please help!
1400,@AppleSupport Apple Pencil latency is imperceptible now. Artists will love this #17
1401,@AppleSupport My iPhone 17 keeps crashing every time I open the camera!
1402,@AppleSupport What's the maximum iCloud storage plan available? #17
1403,@AppleSupport I can't log into my Apple ID! It says my account is locked. Please help!
1404,@AppleSupport Family sharing isn't working but each member is being charged separately #15
1405,@AppleSupport Password keeps getting rejected even though I know it's correct #14
1406,@AppleSupport My iPhone battery drains from 100% to 0% in 3 hours since iOS update #15
1407,@AppleSupport Your hold music is actually pretty good lol #14
1408,@AppleSupport Purchased wrong app — can I get a refund within 24 hours? #14
1409,@AppleSupport My account shows 'suspicious activity' but I haven't done anything #14
1410,@AppleSupport Messages not delivering on my iPhone. Shows sent but never received #15
1411,@AppleSupport How do I merge two Apple ID accounts? I accidentally created two #15
1412,@AppleSupport How do I merge two Apple ID accounts? I accidentally created two #15
1413,@AppleSupport The Control Centre needs a major redesign. Too cluttered #16
1414,@AppleSupport Apple One subscription charged me but I can't access Apple TV+ #15
1415,@AppleSupport You guys are amazing! Best tech support in the industry! #15
1416,"@AppleSupport Sign-in loop: enters password, goes back to login screen #14"
1417,@AppleSupport Bluetooth keeps disconnecting on my AirPods Pro every 5 minutes #17
1418,@AppleSupport App purchase failed but my card was charged. No receipt received #15
1419,@AppleSupport My Apple ID password reset email never arrived. What should I do?
1420,@AppleSupport Is the iPhone 15 waterproof? What rating?
1421,@AppleSupport My Apple ID is linked to an old email I no longer have access to #15
1422,@AppleSupport Stage Manager on iPad is confusing. Really needs a tutorial #15
1423,@AppleSupport iCloud sync stopped working — my photos aren't backing up #15
1424,@AppleSupport Touch ID stopped recognizing my fingerprint out of nowhere #17
1425,@AppleSupport Face ID not working in cold weather. Is this a known bug? #14
1426,@AppleSupport I cancelled Apple Music 2 weeks ago but still getting charged #16
1427,@AppleSupport I'm locked out of my account. I've tried everything and nothing works!
1428,@AppleSupport When will the next macOS update be released? #16
1429,@AppleSupport Messages not delivering on my iPhone. Shows sent but never received #14
1430,@AppleSupport I can't log into my Apple ID! It says my account is locked. Please help!
1431,@AppleSupport Siri stopped working after I updated to the latest iOS. Doesn't respond #14
1432,@AppleSupport My AirTag shows 'Not Reachable' even though it's right next to me #14
1433,@AppleSupport My iPhone 15 keeps crashing every time I open the camera!
1434,@AppleSupport My Apple Watch won't pair with my new iPhone 15
1435,@AppleSupport Bluetooth keeps disconnecting on my AirPods Pro every 5 minutes #14
1436,@AppleSupport Messages not delivering on my iPhone. Shows sent but never received #15
1437,@AppleSupport My screen is unresponsive after the recent update. Had to hard reset #14
1438,@AppleSupport iCloud storage downgraded automatically but still charged full price #15
1439,@AppleSupport App Store shows error 'Cannot connect to App Store' on my iPad #17
1440,@AppleSupport Bluetooth keeps disconnecting on my AirPods Pro every 5 minutes #16
1441,@AppleSupport How do I transfer data from my Android to my new iPhone 15?
1442,@AppleSupport Home button feels sticky and sometimes doesn't respond #14
1443,@AppleSupport My account shows 'suspicious activity' but I haven't done anything #14
1444,@AppleSupport Siri stopped working after I updated to the latest iOS. Doesn't respond #16
1445,@AppleSupport My Apple ID password reset email never arrived. What should I do?
1446,@AppleSupport iCloud storage downgraded automatically but still charged full price #15
1447,@AppleSupport Accidental in-app purchase made by my kid. Can you help with a refund? #17
1448,@AppleSupport How long does an account recovery request take? Been 3 days #17
1449,@AppleSupport I changed my phone number and now can't receive 2FA codes #16
1450,"@AppleSupport Sign-in loop: enters password, goes back to login screen #16"
1451,@AppleSupport Messages not delivering on my iPhone. Shows sent but never received #17
1452,@AppleSupport My MacBook Pro won't start after the latest macOS update #16
1453,@AppleSupport App Store shows error 'Cannot connect to App Store' on my iPad #16
1454,@AppleSupport I forgot my Apple ID email address and can't recover my account #15
1455,@AppleSupport Is the Apple Store on 5th Ave open on Christmas? #14
1456,@AppleSupport Touch ID stopped recognizing my fingerprint out of nowhere #17
1457,@AppleSupport My account was disabled without warning. I never violated any terms! #14
1458,@AppleSupport Verification code not coming through even after 3 attempts #15
1459,@AppleSupport Love the new iOS update! Dark mode looks incredible 🖤 #15
1460,@AppleSupport Podcasts app keeps crashing mid-episode. Tried reinstalling #14
1461,@AppleSupport I can't log into my Apple ID! It says my account is locked. Please help!
1462,@AppleSupport Is the M2 chip compatible with Rosetta 2 apps? #17
1463,@AppleSupport I forgot my Apple ID email address and can't recover my account #15
1464,@AppleSupport You guys are amazing! Best tech support in the industry! #17
1465,@AppleSupport How do I transfer data from my Android to my new iPhone 16?
1466,@AppleSupport Password keeps getting rejected even though I know it's correct #14
1467,@AppleSupport Purchased wrong app — can I get a refund within 24 hours? #14
1468,@AppleSupport I forgot my Apple ID email address and can't recover my account #14
1469,@AppleSupport My account was disabled without warning. I never violated any terms! #15
1470,@AppleSupport Please add calculator to iPad. Can't believe it's still missing #17
1471,@AppleSupport My AirTag shows 'Not Reachable' even though it's right next to me #16
1472,@AppleSupport Can I use my AirPods with a non-Apple device? #14
1473,@AppleSupport Purchased wrong app — can I get a refund within 24 hours? #17
1474,@AppleSupport How long does an account recovery request take? Been 3 days #14
1475,@AppleSupport Apple One subscription charged me but I can't access Apple TV+ #16
1476,@AppleSupport My screen is unresponsive after the recent update. Had to hard reset #15
1477,@AppleSupport iTunes gift card balance disappeared from my account #17
1478,@AppleSupport The Control Centre needs a major redesign. Too cluttered #14
1479,@AppleSupport My Apple ID password reset email never arrived. What should I do?
1480,@AppleSupport Bluetooth keeps disconnecting on my AirPods Pro every 5 minutes #15
1481,@AppleSupport I changed my phone number and now can't receive 2FA codes #16
1482,@AppleSupport I'm locked out of my account. I've tried everything and nothing works!
1483,@AppleSupport Home button feels sticky and sometimes doesn't respond #15
1484,@AppleSupport Podcasts app keeps crashing mid-episode. Tried reinstalling #15
1485,@AppleSupport Bought an app that doesn't work as described. How do I get a refund? #14
1486,@AppleSupport How long does an account recovery request take? Been 3 days #14
1487,@AppleSupport Find My network shows my Mac as offline even though it's on #17
1488,@AppleSupport My iPhone overheats significantly when charging and using Maps #17
1489,@AppleSupport My account was disabled without warning. I never violated any terms! #17
1490,@AppleSupport When will the next macOS update be released? #17
1491,@AppleSupport iCloud sync stopped working — my photos aren't backing up #17
1492,@AppleSupport Shoutout to the genius bar staff at NYC 5th Ave #15
1493,@AppleSupport I changed my phone number and now can't receive 2FA codes #16
1494,@AppleSupport Touch ID stopped recognizing my fingerprint out of nowhere #14
1495,@AppleSupport Verification code not coming through even after 3 attempts #15
1496,@AppleSupport Is the M2 chip compatible with Rosetta 2 apps? #14
1497,"@AppleSupport Sign-in loop: enters password, goes back to login screen #16"
1498,@AppleSupport Apple Pencil latency is imperceptible now. Artists will love this #14
1499,@AppleSupport Siri stopped working after I updated to the latest iOS. Doesn't respond #14
1500,@AppleSupport I was double-billed for iCloud+ storage this month #15
1501,@AppleSupport I was double-billed for iCloud+ storage this month #17
1502,@AppleSupport My Apple Watch won't pair with my new iPhone 16
1503,@AppleSupport Bought an app that doesn't work as described. How do I get a refund? #15
1504,@AppleSupport Hi Apple! Can you sponsor my YouTube channel? #17
1505,@AppleSupport My Apple ID password reset email never arrived. What should I do?
1506,@AppleSupport Is Apple Care+ worth it for iPhone 14? #14
1507,@AppleSupport My Apple ID password reset email never arrived. What should I do?
1508,@AppleSupport My iPhone battery drains from 100% to 0% in 3 hours since iOS update #17
1509,@AppleSupport Find My network shows my Mac as offline even though it's on #17
1510,@AppleSupport Accidental in-app purchase made by my kid. Can you help with a refund? #17
1511,@AppleSupport Password keeps getting rejected even though I know it's correct #16
1512,@AppleSupport Podcasts app keeps crashing mid-episode. Tried reinstalling #15
1513,@AppleSupport My account was disabled without warning. I never violated any terms! #17
1514,@AppleSupport How long does an account recovery request take? Been 3 days #16
1515,@AppleSupport Purchased wrong app — can I get a refund within 24 hours? #17
1516,@AppleSupport My account shows 'suspicious activity' but I haven't done anything #17
1517,@AppleSupport My iPhone battery drains from 100% to 0% in 3 hours since iOS update #14
1518,@AppleSupport I cancelled Apple Music 2 weeks ago but still getting charged #15
1519,@AppleSupport Can I get a job at Apple? #16
1520,@AppleSupport Does Apple offer student discounts on MacBooks? #14
1521,@AppleSupport I'm locked out of my account. I've tried everything and nothing works!
1522,@AppleSupport Home button feels sticky and sometimes doesn't respond #15
1523,"@AppleSupport Sign-in loop: enters password, goes back to login screen #14"
1524,@AppleSupport iTunes gift card balance disappeared from my account #17
1525,@AppleSupport How do I merge two Apple ID accounts? I accidentally created two #16
1526,@AppleSupport My account shows 'suspicious activity' but I haven't done anything #14
1527,@AppleSupport Verification code not coming through even after 3 attempts #15
1528,@AppleSupport I cancelled Apple Music 2 weeks ago but still getting charged #14
1529,@AppleSupport I was charged twice for the same app purchase! Need a refund #15
1530,@AppleSupport How do I apply to be an Apple beta tester? #17
1531,@AppleSupport How do I transfer data from my Android to my new iPhone 16?
1532,@AppleSupport My account was disabled without warning. I never violated any terms! #17
1533,@AppleSupport Is the Apple Store on 5th Ave open on Christmas? #14
1534,@AppleSupport Data breach! My personal photos are being shared without my consent!
1535,@AppleSupport The Control Centre needs a major redesign. Too cluttered #16
1536,@AppleSupport Can I use my AirPods with a non-Apple device? #14
1537,@AppleSupport Two-factor authentication is not sending a code to my phone #17
1538,@AppleSupport Purchased wrong app — can I get a refund within 24 hours? #17
1539,@AppleSupport My Apple ID is linked to an old email I no longer have access to #15
1540,@AppleSupport My Apple Watch won't pair with my new iPhone 16
1541,@AppleSupport My iPhone overheats significantly when charging and using Maps #16
1542,@AppleSupport What's the maximum iCloud storage plan available? #14
1543,@AppleSupport Podcasts app keeps crashing mid-episode. Tried reinstalling #17
1544,@AppleSupport My Apple ID password reset email never arrived. What should I do?
1545,@AppleSupport My screen is unresponsive after the recent update. Had to hard reset #14
1546,@AppleSupport iCloud storage downgraded automatically but still charged full price #14
1547,@AppleSupport I changed my phone number and now can't receive 2FA codes #17
1548,@AppleSupport I received a refund email but it hasn't appeared in my bank account #17
1549,@AppleSupport My Apple Pay transaction failed but money left my account #14
1550,@AppleSupport Family sharing isn't working but each member is being charged separately #15
1551,@AppleSupport I changed my phone number and now can't receive 2FA codes #16
1552,@AppleSupport Does the new iPad Pro support the Apple Pencil 2nd gen? #15
1553,@AppleSupport Your hold music is actually pretty good lol #17
1554,@AppleSupport AirDrop speed is incredible. Transferred 4GB in seconds #17
1555,@AppleSupport Safari crashes immediately on my Mac when visiting most websites #14
1556,@AppleSupport My iPhone 15 keeps crashing every time I open the camera!
1557,@AppleSupport I was charged twice for the same app purchase! Need a refund #17
1558,@AppleSupport My iPhone speaker has distortion at high volumes after iOS update #16
1559,@AppleSupport What charities does Apple support? #14
1560,@AppleSupport Podcasts app keeps crashing mid-episode. Tried reinstalling #15
1561,@AppleSupport I was double-billed for iCloud+ storage this month #17
1562,@AppleSupport My AirTag shows 'Not Reachable' even though it's right next to me #14
1563,@AppleSupport Two-factor authentication is not sending a code to my phone #15
1564,@AppleSupport My MacBook Pro won't start after the latest macOS update #16
1565,"@AppleSupport I've been locked out for 30 days, I'm losing my small business over this"
1566,@AppleSupport iCloud sync stopped working — my photos aren't backing up #14
1567,@AppleSupport My iPhone battery drains from 100% to 0% in 3 hours since iOS update #14
1568,@AppleSupport iTunes gift card balance disappeared from my account #17
1569,@AppleSupport Absolutely love how fast Face ID is on iPhone 16 🔥 #16
1570,@AppleSupport I changed my phone number and now can't receive 2FA codes #16
1571,@AppleSupport My AirTag shows 'Not Reachable' even though it's right next to me #14
1572,@AppleSupport When will the next macOS update be released? #17
1573,@AppleSupport Two-factor authentication is not sending a code to my phone #15
1574,@AppleSupport My screen is unresponsive after the recent update. Had to hard reset #15
1575,@AppleSupport Face ID not working in cold weather. Is this a known bug? #17
1576,@AppleSupport Love the new iOS update! Dark mode looks incredible 🖤 #16
1577,@AppleSupport What countries support eSIM for iPhone 17?
1578,@AppleSupport My account shows 'suspicious activity' but I haven't done anything #17
1579,@AppleSupport Does Apple Watch Series 8 work without an iPhone nearby? #17
1580,@AppleSupport Face ID not working in cold weather. Is this a known bug? #17
1581,@AppleSupport Podcasts app keeps crashing mid-episode. Tried reinstalling #16
1582,@AppleSupport I received a refund email but it hasn't appeared in my bank account #14
1583,@AppleSupport My subscription was renewed even after I cancelled it last month #17
1584,@AppleSupport What countries support eSIM for iPhone 17?
1585,@AppleSupport iOS 14 update broke my WiFi. I can't connect to any network now.
1586,@AppleSupport How do I enable Screen Time for my child's device? #15
1587,@AppleSupport My subscription was renewed even after I cancelled it last month #14
1588,@AppleSupport Find My network shows my Mac as offline even though it's on #15
1589,@AppleSupport I can't log into my Apple ID! It says my account is locked. Please help!
1590,@AppleSupport Two-factor authentication is not sending a code to my phone #14
1591,@AppleSupport I forgot my Apple ID email address and can't recover my account #14
1592,@AppleSupport Messages not delivering on my iPhone. Shows sent but never received #15
1593,@AppleSupport I cancelled Apple Music 2 weeks ago but still getting charged #17
1594,@AppleSupport Safari crashes immediately on my Mac when visiting most websites #14
1595,@AppleSupport Is Apple Care+ worth it for iPhone 15? #15
1596,@AppleSupport Family sharing isn't working but each member is being charged separately #14
1597,@AppleSupport What charities does Apple support? #14
1598,@AppleSupport How many devices can share one Apple Music family plan? #16
1599,@AppleSupport iTunes gift card balance disappeared from my account #15
1600,@AppleSupport I forgot my Apple ID email address and can't recover my account #16
1601,@AppleSupport My iPhone battery drains from 100% to 0% in 3 hours since iOS update #15
1602,@AppleSupport Touch ID stopped recognizing my fingerprint out of nowhere #14
1603,@AppleSupport Password keeps getting rejected even though I know it's correct #15
1604,@AppleSupport How do I merge two Apple ID accounts? I accidentally created two #15
1605,@AppleSupport I'm considering legal action against Apple for this unauthorized charge of $500
1606,@AppleSupport How do I merge two Apple ID accounts? I accidentally created two #14
1607,@AppleSupport Stage Manager on iPad is confusing. Really needs a tutorial #16
1608,@AppleSupport Please add calculator to iPad. Can't believe it's still missing #17
1609,@AppleSupport Is Apple Care+ worth it for iPhone 16? #16
1610,@AppleSupport Apple One subscription charged me but I can't access Apple TV+ #16
1611,@AppleSupport The new Dynamic Island is so cool! Great design choice #14
1612,@AppleSupport Siri stopped working after I updated to the latest iOS. Doesn't respond #16
1613,"@AppleSupport Sign-in loop: enters password, goes back to login screen #17"
1614,@AppleSupport iCloud storage downgraded automatically but still charged full price #16
1615,@AppleSupport How do I transfer data from my Android to my new iPhone 16?
1616,@AppleSupport FRAUD! Someone made unauthorized purchases on my account! This is identity theft!
1617,@AppleSupport My iPhone overheats significantly when charging and using Maps #17
1618,@AppleSupport iOS 16 update broke my WiFi. I can't connect to any network now.
1619,@AppleSupport Night Mode camera is absolutely stunning. Best phone camera ever #15
1620,@AppleSupport My account was disabled without warning. I never violated any terms! #14
1621,@AppleSupport iOS 15 update broke my WiFi. I can't connect to any network now.
1622,@AppleSupport Please bring back the headphone jack! Missing it so much #16
1623,@AppleSupport Would love multi-window support on iPhone like iPad has #14
1624,@AppleSupport I changed my phone number and now can't receive 2FA codes #14
1625,@AppleSupport Home button feels sticky and sometimes doesn't respond #14
1626,@AppleSupport App Store shows error 'Cannot connect to App Store' on my iPad #15
1627,@AppleSupport I can't log into my Apple ID! It says my account is locked. Please help!
1628,@AppleSupport Absolutely love how fast Face ID is on iPhone 15 🔥 #15
1629,@AppleSupport How long does an account recovery request take? Been 3 days #17
1630,@AppleSupport I was charged twice for the same app purchase! Need a refund #15
1631,@AppleSupport My iPhone 16 keeps crashing every time I open the camera!
1632,@AppleSupport I wish the iPhone had a USB-C port. Why stick with Lightning? #17
1633,@AppleSupport My MacBook Pro won't start after the latest macOS update #16
1634,@AppleSupport Accidental in-app purchase made by my kid. Can you help with a refund? #14
1635,@AppleSupport What's the maximum iCloud storage plan available? #17
1636,@AppleSupport How many devices can share one Apple Music family plan? #14
1637,@AppleSupport Is the iPhone 14 waterproof? What rating?
1638,@AppleSupport Verification code not coming through even after 3 attempts #16
1639,@AppleSupport I was charged twice for the same app purchase! Need a refund #17
1640,@AppleSupport How do I merge two Apple ID accounts? I accidentally created two #16
1641,@AppleSupport My Apple Pay transaction failed but money left my account #15
1642,@AppleSupport Touch ID stopped recognizing my fingerprint out of nowhere #16
1643,@AppleSupport My Apple Pay transaction failed but money left my account #16
1644,@AppleSupport You guys are amazing! Best tech support in the industry! #17
1645,@AppleSupport I wish the iPhone had a USB-C port. Why stick with Lightning? #17
1646,@AppleSupport Please add calculator to iPad. Can't believe it's still missing #17
1647,"@AppleSupport Sign-in loop: enters password, goes back to login screen #14"
1648,@AppleSupport iCloud sync stopped working — my photos aren't backing up #17
1649,@AppleSupport iOS 15 update broke my WiFi. I can't connect to any network now.
1650,@AppleSupport Home button feels sticky and sometimes doesn't respond #16
1651,@AppleSupport Siri stopped working after I updated to the latest iOS. Doesn't respond #16
1652,@AppleSupport My Apple ID password reset email never arrived. What should I do?
1653,@AppleSupport Face ID not working in cold weather. Is this a known bug? #16
1654,@AppleSupport My account was disabled without warning. I never violated any terms! #15
1655,@AppleSupport Is the iPhone 14 waterproof? What rating?
1656,@AppleSupport Safari crashes immediately on my Mac when visiting most websites #15
1657,@AppleSupport I cancelled Apple Music 2 weeks ago but still getting charged #17
1658,@AppleSupport My MacBook Pro won't start after the latest macOS update #14
1659,@AppleSupport Absolutely love how fast Face ID is on iPhone 17 🔥 #17
1660,@AppleSupport Does Tim Cook read these tweets? #15
1661,@AppleSupport I'm considering legal action against Apple for this unauthorized charge of $500
1662,"@AppleSupport Sign-in loop: enters password, goes back to login screen #15"
1663,@AppleSupport Face ID not working in cold weather. Is this a known bug? #17
1664,@AppleSupport My Apple Pay transaction failed but money left my account #16
1665,@AppleSupport I'm locked out of my account. I've tried everything and nothing works!
1666,@AppleSupport My account shows 'suspicious activity' but I haven't done anything #15
1667,@AppleSupport My Apple ID is linked to an old email I no longer have access to #17
1668,@AppleSupport Home button feels sticky and sometimes doesn't respond #16
1669,@AppleSupport Password keeps getting rejected even though I know it's correct #14
1670,@AppleSupport iTunes gift card balance disappeared from my account #15
1671,@AppleSupport Apple Pencil latency is imperceptible now. Artists will love this #16
1672,@AppleSupport Apple One subscription charged me but I can't access Apple TV+ #14
1673,@AppleSupport Accidental in-app purchase made by my kid. Can you help with a refund? #17
1674,@AppleSupport My MacBook Pro won't start after the latest macOS update #16
1675,@AppleSupport FRAUD! Someone made unauthorized purchases on my account! This is identity theft!
1676,@AppleSupport My iPhone speaker has distortion at high volumes after iOS update #16
1677,@AppleSupport What's the maximum iCloud storage plan available? #17
1678,@AppleSupport Safari crashes immediately on my Mac when visiting most websites #16
1679,@AppleSupport My account was disabled without warning. I never violated any terms! #15
1680,@AppleSupport My iPhone 14 keeps crashing every time I open the camera!
1681,@AppleSupport Bluetooth keeps disconnecting on my AirPods Pro every 5 minutes #15
1682,@AppleSupport Fraudulent charges of $800 on my Apple account. Will dispute with my bank and attorney
1683,@AppleSupport How long does an account recovery request take? Been 3 days #14
